respondent_id,department,feedback_theme1,feedback_theme2,training_need,experience_rating,submission_date,detailed_comments
1,Engineering,UI Glitch,slow performance,python,4,2026-04-01,"The new dashboard layout is much faster to navigate. We experienced a minor UI glitch on mobile devices, but overall system performance has been solid."
2,Sales,billing issue,pricing question,Excell,3,2026-04-01,"Clients frequently ask for clearer itemized invoices. The billing team responded quickly to our queries today."
3,Support,ui glitch,Slow Response,pyhton,2,2026-04-02,"Ticket volume was unusually high this morning. Response times lagged behind our target SLA, and customers noted some interface confusion."
4,Human Resources,onboarding,policy clarification,communication,5,2026-04-02,"Onboarding workflow completed smoothly for all five new hires. Documentation was clear and easy to follow."
5,Engineering,User Interface Bug,latency,Python,3,2026-04-03,"Database latency increased during the peak midday rush. We need more indexing on the audit log tables."
6,Sales,pricing question,contract terms,negotiation,4,2026-04-03,"Enterprise prospects responded well to the simplified contract terms. Looking forward to closing the quarter strongly."
7,Support,billing issue,Account Access,SQL,3,2026-04-04,"Password resets accounted for nearly a third of all incoming support requests. A self-service portal would save significant staff time."
8,Marketing,campaign tracking,social media,analytics,4,2026-04-04,"Spring campaign engagement exceeded our initial forecasts. Analytics tracking worked reliably across all landing pages."
9,Engineering,slow performance,database timeout,Docker,2,2026-04-05,"A cluster node reboot caused transient connection timeouts. Automated failover recovered the instance within ninety seconds."
10,Support,Account Access,password reset,sql querying,3,2026-04-05,"Several users reported lockouts following the multi-factor authentication update. Clearer user instructions would prevent unnecessary escalation."
11,Human Resources,benefits review,PTO policy,excel,5,2026-04-06,"Annual benefits enrollment went very smoothly with high participation rates. Staff appreciated the interactive webinar sessions."
12,Sales,contract terms,pricing question,crm,4,2026-04-06,"The updated CRM integration made logging client communications much more efficient for the field team."
13,Support,UI Glitch,navigation error,python,3,2026-04-07,"A browser compatibility issue affected older Safari versions. The frontend patch resolved the rendering bug."
14,Engineering,latency,server load,kubernetes,3,2026-04-07,"Memory utilization remained stable throughout the stress test. CPU spikes occurred during batch report generation."
15,Marketing,brand guidelines,asset request,design,4,2026-04-08,"The new digital asset management library is a great improvement. Finding high-resolution logos and templates is much faster now."
16,Sales,billing issue,credit terms,accounting,3,2026-04-08,"Payment reconciliation delays caused confusion with a few regional accounts. Accounting resolved the discrepancies promptly."
17,Support,Slow Response,queue backlog,customer service,2,2026-04-09,"Staffing constraints on Monday led to longer queue hold times. The team caught up on tickets by Wednesday afternoon."
18,Engineering,UI Glitch,dropdown bug,React,4,2026-04-09,"The component library migration is progressing on schedule. Reusable form controls have reduced code duplication significantly."
19,Human Resources,training program,leadership,coaching,5,2026-04-10,"Leadership development workshop received excellent survey feedback from all participants. Great facilitator engagement."
20,Marketing,seo optimization,content strategy,writing,4,2026-04-10,"Organic search traffic increased fifteen percent month over month following the content refresh."
21,Support,account access,login failure,security,3,2026-04-11,"Single sign-on certificates were renewed without any unplanned service interruption. User logins remained steady."
22,Engineering,database timeout,query optimization,sql,3,2026-04-11,"Refactoring the reporting queries cut execution time in half. Server load during night batch runs dropped markedly."
23,Sales,Pricing Question,discount approval,finance,4,2026-04-12,"Streamlined discount approvals helped finalize three pending enterprise contracts before the holiday weekend."
24,Support,UI Glitch,mobile layout,html5,3,2026-04-12,"Mobile view responsive layout needs minor padding adjustments on smaller screens. Desktop experience is flawless."
25,Human Resources,workplace wellness,ergonomics,safety,5,2026-04-13,"Standing desk request fulfillment was completed ahead of schedule. Employees expressed great satisfaction with the ergonomic support."
